Workbook
Name Slicer_City: #N/A
Name Slicer_Country: #N/A
Name Slicer_Level: #N/A
Name Slicer_Program: #N/A
Name Slicer_University: #N/A

Sheet International_Education_Costs
A1: Country | B1: City | C1: University | D1: Program | E1: Level | F1: Duration_Years | G1: Tuition_USD | H1: Living_Cost_Index | I1: Rent_USD | J1: Visa_Fee_USD | K1: Insurance_USD | L1: Exchange_Rate | M1: Total_Cost(Local currency) | N1: Total_Study_Cost
A2: USA | B2: Cambridge | C2: Harvard University | D2: Computer Science | E2: Master | F2: 2 | G2: 55400 | H2: 83.5 | I2: 2200 | J2: 160 | K2: 1500 | L2: 1 | M2: =(International_Education_Costs!$G2+International_Education_Costs!$I2+International_Education_Costs!$J2+International_Education_Costs!$K2)*International_Education_Costs!$L2 -> 59260 | N2: =International_Education_Costs!$G2+International_Education_Costs!$I2+International_Education_Costs!$J2+International_Education_Costs!$K2 -> 59260 | P2: =AVERAGE(G:G) -> 16705.017
A3: UK | B3: London | C3: Imperial College London | D3: Data Science | E3: Master | F3: 1 | G3: 41200 | H3: 75.8 | I3: 1800 | J3: 485 | K3: 800 | L3: 0.79 | M3: =(International_Education_Costs!$G3+International_Education_Costs!$I3+International_Education_Costs!$J3+International_Education_Costs!$K3)*International_Education_Costs!$L3 -> 34985.15 | N3: =International_Education_Costs!$G3+International_Education_Costs!$I3+International_Education_Costs!$J3+International_Education_Costs!$K3 -> 44285 | P3: =AVERAGE(H:H) -> 64.437486
A4: Canada | B4: Toronto | C4: University of Toronto | D4: Business Analytics | E4: Master | F4: 2 | G4: 38500 | H4: 72.5 | I4: 1600 | J4: 235 | K4: 900 | L4: 1.35 | M4: =(International_Education_Costs!$G4+International_Education_Costs!$I4+International_Education_Costs!$J4+International_Education_Costs!$K4)*International_Education_Costs!$L4 -> 55667.25 | N4: =International_Education_Costs!$G4+International_Education_Costs!$I4+International_Education_Costs!$J4+International_Education_Costs!$K4 -> 41235 | P4: =AVERAGE(I:I) -> 969.20617
A5: Australia | B5: Melbourne | C5: University of Melbourne | D5: Engineering | E5: Master | F5: 2 | G5: 42000 | H5: 71.2 | I5: 1400 | J5: 450 | K5: 650 | L5: 1.52 | M5: =(International_Education_Costs!$G5+International_Education_Costs!$I5+International_Education_Costs!$J5+International_Education_Costs!$K5)*International_Education_Costs!$L5 -> 67640 | N5: =International_Education_Costs!$G5+International_Education_Costs!$I5+International_Education_Costs!$J5+International_Education_Costs!$K5 -> 44500 | P5: =AVERAGE(J:J) -> 211.39691
A6: Germany | B6: Munich | C6: Technical University of Munich | D6: Mechanical Engineering | E6: Master | F6: 2 | G6: 500 | H6: 70.5 | I6: 1100 | J6: 75 | K6: 550 | L6: 0.92 | M6: =(International_Education_Costs!$G6+International_Education_Costs!$I6+International_Education_Costs!$J6+International_Education_Costs!$K6)*International_Education_Costs!$L6 -> 2047 | N6: =International_Education_Costs!$G6+International_Education_Costs!$I6+International_Education_Costs!$J6+International_Education_Costs!$K6 -> 2225 | P6: =AVERAGE(K:K) -> 700.07718
A7: Japan | B7: Tokyo | C7: University of Tokyo | D7: Information Science | E7: Master | F7: 2 | G7: 8900 | H7: 76.4 | I7: 1300 | J7: 220 | K7: 750 | L7: 145.8 | M7: =(International_Education_Costs!$G7+International_Education_Costs!$I7+International_Education_Costs!$J7+International_Education_Costs!$K7)*International_Education_Costs!$L7 -> 1628586 | N7: =International_Education_Costs!$G7+International_Education_Costs!$I7+International_Education_Costs!$J7+International_Education_Costs!$K7 -> 11170
A8: Netherlands | B8: Amsterdam | C8: University of Amsterdam | D8: Artificial Intelligence | E8: Master | F8: 1 | G8: 15800 | H8: 73.2 | I8: 1500 | J8: 180 | K8: 720 | L8: 0.92 | M8: =(International_Education_Costs!$G8+International_Education_Costs!$I8+International_Education_Costs!$J8+International_Education_Costs!$K8)*International_Education_Costs!$L8 -> 16744 | N8: =International_Education_Costs!$G8+International_Education_Costs!$I8+International_Education_Costs!$J8+International_Education_Costs!$K8 -> 18200
A9: Singapore | B9: Singapore | C9: National University of Singapore | D9: Finance | E9: Master | F9: 1.5 | G9: 35000 | H9: 81.1 | I9: 1900 | J9: 90 | K9: 800 | L9: 1.34 | M9: =(International_Education_Costs!$G9+International_Education_Costs!$I9+International_Education_Costs!$J9+International_Education_Costs!$K9)*International_Education_Costs!$L9 -> 50638.6 | N9: =International_Education_Costs!$G9+International_Education_Costs!$I9+International_Education_Costs!$J9+International_Education_Costs!$K9 -> 37790
A10: France | B10: Paris | C10: Sorbonne University | D10: International Relations | E10: Master | F10: 2 | G10: 4500 | H10: 74.6 | I10: 1400 | J10: 99 | K10: 650 | L10: 0.92 | M10: =(International_Education_Costs!$G10+International_Education_Costs!$I10+International_Education_Costs!$J10+International_Education_Costs!$K10)*International_Education_Costs!$L10 -> 6117.08 | N10: =International_Education_Costs!$G10+International_Education_Costs!$I10+International_Education_Costs!$J10+International_Education_Costs!$K10 -> 6649
A11: Switzerland | B11: Zurich | C11: ETH Zurich | D11: Physics | E11: Master | F11: 2 | G11: 1460 | H11: 91.5 | I11: 2100 | J11: 88 | K11: 1200 | L11: 0.89 | M11: =(International_Education_Costs!$G11+International_Education_Costs!$I11+International_Education_Costs!$J11+International_Education_Costs!$K11)*International_Education_Costs!$L11 -> 4314.72 | N11: =International_Education_Costs!$G11+International_Education_Costs!$I11+International_Education_Costs!$J11+International_Education_Costs!$K11 -> 4848
A12: Sweden | B12: Stockholm | C12: KTH Royal Institute | D12: Sustainable Technology | E12: Master | F12: 2 | G12: 0 | H12: 71.8 | I12: 1200 | J12: 110 | K12: 400 | L12: 10.45 | M12: =(International_Education_Costs!$G12+International_Education_Costs!$I12+International_Education_Costs!$J12+International_Education_Costs!$K12)*International_Education_Costs!$L12 -> 17869.5 | N12: =International_Education_Costs!$G12+International_Education_Costs!$I12+International_Education_Costs!$J12+International_Education_Costs!$K12 -> 1710
A13: Denmark | B13: Copenhagen | C13: University of Copenhagen | D13: Bioinformatics | E13: Master | F13: 2 | G13: 0 | H13: 73.4 | I13: 1300 | J13: 120 | K13: 450 | L13: 6.92 | M13: =(International_Education_Costs!$G13+International_Education_Costs!$I13+International_Education_Costs!$J13+International_Education_Costs!$K13)*International_Education_Costs!$L13 -> 12940.4 | N13: =International_Education_Costs!$G13+International_Education_Costs!$I13+International_Education_Costs!$J13+International_Education_Costs!$K13 -> 1870
A14: China | B14: Beijing | C14: Tsinghua University | D14: Computer Engineering | E14: Master | F14: 2.5 | G14: 8900 | H14: 52.3 | I14: 800 | J14: 140 | K14: 400 | L14: 7.18 | M14: =(International_Education_Costs!$G14+International_Education_Costs!$I14+International_Education_Costs!$J14+International_Education_Costs!$K14)*International_Education_Costs!$L14 -> 73523.2 | N14: =International_Education_Costs!$G14+International_Education_Costs!$I14+International_Education_Costs!$J14+International_Education_Costs!$K14 -> 10240
A15: South Korea | B15: Seoul | C15: Seoul National University | D15: Digital Media | E15: Master | F15: 2 | G15: 7200 | H15: 68.7 | I15: 900 | J15: 130 | K15: 500 | L15: 1320.5 | M15: =(International_Education_Costs!$G15+International_Education_Costs!$I15+International_Education_Costs!$J15+International_Education_Costs!$K15)*International_Education_Costs!$L15 -> 11527965 | N15: =International_Education_Costs!$G15+International_Education_Costs!$I15+International_Education_Costs!$J15+International_Education_Costs!$K15 -> 8730
A16: Ireland | B16: Dublin | C16: Trinity College Dublin | D16: Data Analytics | E16: Master | F16: 1 | G16: 28900 | H16: 72.9 | I16: 1600 | J16: 150 | K16: 650 | L16: 0.92 | M16: =(International_Education_Costs!$G16+International_Education_Costs!$I16+International_Education_Costs!$J16+International_Education_Costs!$K16)*International_Education_Costs!$L16 -> 28796 | N16: =International_Education_Costs!$G16+International_Education_Costs!$I16+International_Education_Costs!$J16+International_Education_Costs!$K16 -> 31300
A17: South Korea | B17: Busan | C17: Pusan National University | D17: Business | E17: Bachelor | F17: 4 | G17: 5900 | H17: 62.4 | I17: 700 | J17: 130 | K17: 500 | L17: 1320.5 | M17: =(International_Education_Costs!$G17+International_Education_Costs!$I17+International_Education_Costs!$J17+International_Education_Costs!$K17)*International_Education_Costs!$L17 -> 9547215 | N17: =International_Education_Costs!$G17+International_Education_Costs!$I17+International_Education_Costs!$J17+International_Education_Costs!$K17 -> 7230
A18: New Zealand | B18: Auckland | C18: University of Auckland | D18: Marine Biology | E18: Bachelor | F18: 3 | G18: 28500 | H18: 69.8 | I18: 1200 | J18: 245 | K18: 600 | L18: 1.64 | M18: =(International_Education_Costs!$G18+International_Education_Costs!$I18+International_Education_Costs!$J18+International_Education_Costs!$K18)*International_Education_Costs!$L18 -> 50093.8 | N18: =International_Education_Costs!$G18+International_Education_Costs!$I18+International_Education_Costs!$J18+International_Education_Costs!$K18 -> 30545
... A908: UK | B908: Nottingham | C908: University of Nottingham | D908: Data Engineering | E908: Master | F908: 2 | G908: 34000 | H908: 61.2 | I908: 800 | J908: 485 | K908: 800 | L908: 0.79 | M908: =(International_Education_Costs!$G908+International_Education_Costs!$I908+International_Education_Costs!$J908+International_Education_Costs!$K908)*International_Education_Costs!$L908 -> 28507.15 | N908: =International_Education_Costs!$G908+International_Education_Costs!$I908+International_Education_Costs!$J908+International_Education_Costs!$K908 -> 36085

Sheet Pivot_Table
P1: Row Labels | Q1: Sum of Tuition_USD | U1: Row Labels | V1: Sum of Total_Study_Cost | AB1: Row Labels | AC1: Sum of Tuition_USD
H2: Row Labels | I2: Sum of Total_Study_Cost | P2: Computer Science | Q2: 7864360 | U2: USA | V2: 3998380 | AB2: University of Washington | AC2: 280700 | AJ2: Row Labels | AK2: Sum of Rent_USD
A3: Row Labels | B3: Sum of Tuition_USD | H3: Finland | I3: 19970 | P3: Data Science | Q3: 1377530 | U3: Australia | V3: 3188200 | AB3: USA | AC3: 280700 | AJ3: USA | AK3: 145000
A4: Master | B4: 6549420 | H4: Bulgaria | I4: 19750 | P4: Computer Engineering | Q4: 695680 | U4: UK | V4: 3054655 | AB4: Stanford University | AC4: 270200 | AJ4: Australia | AK4: 117100
A5: Bachelor | B5: 5878430 | H5: Iran | I5: 17800 | P5: Artificial Intelligence | Q5: 683460 | U5: Canada | V5: 2397210 | AB5: USA | AC5: 270200 | AJ5: UK | AK5: 113100
A6: PhD | B6: 2723600 | H6: Uruguay | I6: 17610 | P6: Data Analytics | Q6: 655900 | U6: Singapore | V6: 656220 | AB6: UC Berkeley | AC6: 196400 | AJ6: Canada | AK6: 88750
A7: Grand Total | B7: 15151450 | H7: Luxembourg | I7: 17400 | P7: Software Engineering | Q7: 583270 | U7: Netherlands | V7: 323928 | AB7: USA | AC7: 196400 | AJ7: Switzerland | AK7: 33800
H8: Sweden | I8: 17230 | P8: Information Systems | Q8: 249970 | U8: New Zealand | V8: 281335 | AB8: University of Melbourne | AC8: 194300 | AJ8: Grand Total | AK8: 497750
H9: Serbia | I9: 16170 | P9: Engineering | Q9: 235800 | U9: UAE | V9: 212810 | AB9: Australia | AC9: 194300
H10: Brazil | I10: 15720 | P10: Mathematics | Q10: 233000 | U10: Ireland | V10: 199000 | AB10: University of Sydney | AC10: 187200
H11: Morocco | I11: 15300 | P11: Physics | Q11: 208660 | U11: France | V11: 177173 | AB11: Australia | AC11: 187200
H12: Israel | I12: 14150 | P12: Grand Total | Q12: 12787630 | U12: Grand Total | V12: 14488911 | AB12: Grand Total | AC12: 1128800
A13: #VALUE! | H13: Bangladesh | I13: 13560
H14: Iceland | I14: 12340
H15: Tunisia | I15: 11070
H16: Czech Republic | I16: 10950
H17: Algeria | I17: 7910
A18: Row Labels | B18: Sum of Total_Study_Cost | H18: South Africa | I18: 7040
A19: Master | B19: 7368068 | H19: Taiwan | I19: 6490
A20: Bachelor | B20: 6466177 | H20: Argentina | I20: 4060
A21: PhD | B21: 3022982 | H21: Vietnam | I21: 4020
A22: Grand Total | B22: 16857227 | H22: Nigeria | I22: 3380
H23: Grand Total | I23: 251920
A36: Average of Tuition_USD
A37: 16705.017
A40: Average of Living_Cost_Index
A41: 64.437486
A44: Average of Rent_USD
A45: 969.20617
A48: Average of Visa_Fee_USD | C48: Count of University
A49: 211.39691 | C49: 907
C51: Average of Total_Study_Cost
A52: Average of Insurance_USD | C52: 18585.697
A53: 700.07718

Sheet Dash_board

Sheet Country_Summary
A1: Country | B1: Average True Total Cost (USD) | C1: Programmes
A2: Argentina | B2: =AVERAGEIF(International_Education_Costs!$A$2:$A$908,A2,International_Education_Costs!$N$2:$N$908) -> 676.66667 | C2: =COUNTIF(International_Education_Costs!$A$2:$A$908,A2) -> 6
A3: Greece | B3: =AVERAGEIF(International_Education_Costs!$A$2:$A$908,A3,International_Education_Costs!$N$2:$N$908) -> 1312.3529 | C3: =COUNTIF(International_Education_Costs!$A$2:$A$908,A3) -> 17
A4: Algeria | B4: =AVERAGEIF(International_Education_Costs!$A$2:$A$908,A4,International_Education_Costs!$N$2:$N$908) -> 1582 | C4: =COUNTIF(International_Education_Costs!$A$2:$A$908,A4) -> 5
A5: Sweden | B5: =AVERAGEIF(International_Education_Costs!$A$2:$A$908,A5,International_Education_Costs!$N$2:$N$908) -> 1723 | C5: =COUNTIF(International_Education_Costs!$A$2:$A$908,A5) -> 10
A6: Finland | B6: =AVERAGEIF(International_Education_Costs!$A$2:$A$908,A6,International_Education_Costs!$N$2:$N$908) -> 1815.4545 | C6: =COUNTIF(International_Education_Costs!$A$2:$A$908,A6) -> 11
A7: Tunisia | B7: =AVERAGEIF(International_Education_Costs!$A$2:$A$908,A7,International_Education_Costs!$N$2:$N$908) -> 1845 | C7: =COUNTIF(International_Education_Costs!$A$2:$A$908,A7) -> 6
A8: Brazil | B8: =AVERAGEIF(International_Education_Costs!$A$2:$A$908,A8,International_Education_Costs!$N$2:$N$908) -> 1965 | C8: =COUNTIF(International_Education_Costs!$A$2:$A$908,A8) -> 8
A9: Norway | B9: =AVERAGEIF(International_Education_Costs!$A$2:$A$908,A9,International_Education_Costs!$N$2:$N$908) -> 1975.9091 | C9: =COUNTIF(International_Education_Costs!$A$2:$A$908,A9) -> 11
A10: Germany | B10: =AVERAGEIF(International_Education_Costs!$A$2:$A$908,A10,International_Education_Costs!$N$2:$N$908) -> 1991.6667 | C10: =COUNTIF(International_Education_Costs!$A$2:$A$908,A10) -> 33
A11: Iceland | B11: =AVERAGEIF(International_Education_Costs!$A$2:$A$908,A11,International_Education_Costs!$N$2:$N$908) -> 2056.6667 | C11: =COUNTIF(International_Education_Costs!$A$2:$A$908,A11) -> 6
A12: Turkey | B12: =AVERAGEIF(International_Education_Costs!$A$2:$A$908,A12,International_Education_Costs!$N$2:$N$908) -> 2261.1111 | C12: =COUNTIF(International_Education_Costs!$A$2:$A$908,A12) -> 9
A13: Luxembourg | B13: =AVERAGEIF(International_Education_Costs!$A$2:$A$908,A13,International_Education_Costs!$N$2:$N$908) -> 2485.7143 | C13: =COUNTIF(International_Education_Costs!$A$2:$A$908,A13) -> 7
... A72: USA | B72: =AVERAGEIF(International_Education_Costs!$A$2:$A$908,A72,International_Education_Costs!$N$2:$N$908) -> 51261.282 | C72: =COUNTIF(International_Education_Costs!$A$2:$A$908,A72) -> 78
